,post_text
0,"â€Ÿ Yannick Blehi sâ€™est vu Ãªtre dÃ©pouillÃ© de son outil de travail, son tÃ©lÃ©phone portable Redmi note 11 S dans la nuit du 06 FÃ©vrier 2023 â€³
Au plaisir de toutes ces personnes qui ont commencÃ© Ã  garder un Å“il sur mes lucarnes consacrÃ©es aux expÃ©riences du terrain que je partage assez souvent pour ouvrir un autre onglet sur la comprÃ©hension du domaine dâ€™activitÃ© que jâ€™ai choisi. Mention spÃ©ciale pour la cheffe de communautÃ©, la mÃ¨re KANE LÃ©a...ğŸ˜„
Jâ€™aurai voulu entamer, en cette annÃ©e, mes petites sÃ©ries de lucarnes sur une note autre que celle-lÃ  si cela ne dÃ©pendais rÃ©ellement que de moi.
Dans la nuit du lundi 6 fÃ©vrier 2023 aux alentours de 21h je me retrouvais encore dehors en train de me mettre Ã  la disposition de lâ€™une de ces nombreuses personnes qui sont dÃ©sespÃ©ramment Ã  la recherche dâ€™un logement ici dans la commune de yopougon. Dans la matinÃ©e Dame S. avait visitÃ© avec moi, un appartement de 02 piÃ¨ces Ã  lâ€™Ã©tage dans le quartier dâ€™ananeraie carrefour Oasis juste au feu tricolore. Tout lui convenait au point de se lancer dans une argumentation convaincante pour Ãªtre favorite sur la liste des nombreux intÃ©ressÃ©s. Les discussions ont eu bon vent, rendez-vous pris pour la soirÃ©e afin de permettre Ã  dame S. dâ€™Ãªtre rassurÃ©e que son cauchemar est bel et bien terminÃ© car elle doit urgemment quitter lâ€™appartement frappÃ© par lâ€™humiditÃ© que son couple habite depuis et que le prioritaire refuse de rÃ©parer.
EmpÃªchÃ© de rentrer chez moi, jâ€™essaye de ne pas Ãªtre bien loin du point de rendez-vous st-p-ressant. Il est 20h passÃ© quand le bailleur signale sa disponibilitÃ©, jâ€™alerte dame S. ensuite je cherche un taxi rapidement pour Ãªtre disponible sur place.
Câ€™est dans cette attente, 21h au feu de Niangon nord carrefour Sainte Rita, que 02 individus (des adolescents) Ã  lâ€™avant et arriÃ¨re dâ€™une moto de marque KTM non immatriculÃ©e, arrive Ã  mon niveau, ralentissent lÃ©gÃ¨rement pour bien avoir leur cible dans leur viseur, et en un coup Ã©claire mon tÃ©lÃ©phone Ã©tait passÃ© de mes mains Ã  la main du deuxiÃ¨me individu Ã  lâ€™arriÃ¨re de la KTM. 2 Ã  3 coups dâ€™accÃ©lÃ©rateur du conducteur ont fallu pour que je rÃ©alise ce qui venait de se passer rÃ©ellement : je venais dâ€™Ãªtre dÃ©pouillÃ© de mon outil de travail, nouvellement acquis et possÃ©dant dâ€™excellentes capacitÃ©s techniques (11s 8/128). Quelques petites informations Google pourront Ãªtre prÃ©cises sur le symbolique montant Ã  dÃ©bourser pour sâ€™offrir cet outil de travail.
Ayant vainement tentÃ© de sauver mon outil de travail, je me mets nÃ©anmoins en route pour le rendez-vous. Jâ€™arrive quand mÃªme Ã  temps. Quelques minutes plus tard, arrive dame S. accompagnÃ©e bien Ã©videment.
Grande fut ma consternation lorsque jâ€™entends la dame me dire : Mr BLEHI, jâ€™espÃ¨re au moins que vous savez que je ne peux pas sortir avec un montant assez important Ã  cette heure-ci nâ€™est-ce-pas ?
Aussi naturellement que cela puisse paraitre je demande Ã  la dame : pourquoi ne pas lâ€™avoir expressÃ©ment mentionnÃ© au cours de nos nombreuses communications tÃ©lÃ©phoniques pour organiser le rendez-vous du soir tant souhaitÃ© par vous-mÃªme ? Peut-Ãªtre que je serai prÃ©sentement chez moi Ã  la maison mon tÃ©lÃ©phone en main en train de travailler !
Rempli dâ€™un sentiment bizarre, jâ€™ai pris le chemin de la maison. Il est 22h passÃ©. Je nâ€™ai pas manquÃ© de me taper un bel embouteillage Ananeraie-Maroc pour Ãªtre Ã  la maison autour de 00h.
Le lendemain matin je me rÃ©veil, quelque chose Ã  changÃ© Ã  mes habitudes matinales. Pas de tÃ©lÃ©phone, pas dâ€™actualitÃ©s, pas de pages Facebook et groupes whatsapp immobiliers, pas de travail donc. Vrai chÃ´mage technique. Mdr ğŸ˜„ğŸ˜„ğŸ˜„!
La nuit ayant fait ses effets, je suis parvenu Ã  prendre du recul dans la comprÃ©hension de lâ€™expÃ©rience malheureuse que je venais de connaitre, cette fois-ci en Ã©tant suffisamment objectif. Jâ€™ai entrepris les dÃ©marches administrative et juridique pour obtenir rÃ©paration et sâ€™il le faut me procurer un autre outil de travail au cas oÃ¹ les choses traineraient...


A suivre...ğŸ˜„"
1,"3pieces 170000f Yopougon batim extension ou Victor lobad au premier Ã©tage et au 2iem Ã©tage avec balcon bon standing nouvelle maison habitable pour la fin
Visite 5000

0140521178/0555556156"
2,Bonjour besoin urgent d'un studio Dee 50000 au millionnaire ou dans les environs de sapeur pompier
3,"SONGON GRAVIER
REZ-DE-CHAUSSÃ‰E

âœ…2 PIÃˆCES
1DWC
LOYER : 60.000

âœ…3 PIÃˆCES
2DWC
LOYER : 100.000

VISITE : 5000

0140521178/0555556156"
4,"studio Ã  yopougon citÃ© verte bon standing avec balcon staffÃ© placards dans la chambre vide loyer 80.000
Visite 5000

0140521178/0555556156"
5,"Ã€ louer une 3 piÃ¨ces 150 milles Francs bail gendarmerie et militaires avec taux de bail 130 milles Francs on paye la diffÃ©rence et 1 mois agence au 1er Ã©tage avec balcon 2 douches et 2 WC nouvelle construction Yopougon Maroc antenne vers le petit marchÃ© visite possible

0140521178/0555556156"
6,"ğŸŸ¢ ğŸ›‘ LOCATION
02 PIÃˆCES
LOYER 70000 FRS
ğŸ“CAUTION 04 MOIS PLUS 30
YOPOUGON NIANGON ACADÃ‰MIE PBAS RESIDENTIEL
INTÃ‰RESSÃ‰ 0102737202
WATTSSAP 07 77972646"
7,"YOP ANNANERAIE POULET CHAUD
APPARTEMENT 4 ÃˆME Ã‰TAGE
2 PIÃˆCES
2DWC
CAMÃ‰RA DE SURVEILLANCE
PARKING PRIVÃ‰
VIGILE H24
SERVICE D'ENTRETIEN
LOYER : 150.000
VISITE : 5000

0140521178 / 0555556156"
8,"YOPOUGON ACADÃ‰MIE:
â˜ï¸07 47 61 79 19
â˜ï¸05 64 12 64 90

ğŸ 2PIÃˆCES 70.000 AVEC DOUCHE WC,CUISINE ET PLACARD DANS LA CHAMBRE AU 1ER Ã‰TAGE.

FRAIS DE VISITE OBLIGATOIRE."
9,"songon carrefour bimbresso vers la forÃªt
âœ…4portes de studio 50000f.
5mois+25.000
âœ…4portes de 2pieces 80000f 2dwc
5mois+ 40.000
âœ…4portes de 3pieces 120000f 2dwc
5mois +40.000
âœ…4portes de 3pieces 130000f 2dwc
4mois +40.000f

Visite : 5000

0140521178/0555556156"
10,"Location appartement de 3 piÃ¨ces 130 milles Francs au 1er Ã©tage avec balcon 2 douches et 2 WC nouvelle construction dÃ©jÃ  prÃªte Ã  Ãªtre habiter Yopougon Maroc bagnon carrefour canal visite possible
Contact 0140521178/0595580033"
11,"MAISON A LOUER
A YOP AZITO BIEN PLACEE
AU REZ DE CHAUSSÃ‰E
JOLIE ET GRAND STUDIO
PRIX : 60.000 X 6 + 30.000
CONTACT: 03214299"
12,"INFO : 0779164384 WHATSAPP VIDÃ‰O

GRANDE RÃ‰SIDENCE MEUBLE STUDIO AU 3EME Ã‰TAGE AVEC GRAND BALCON A CÃ‰DÃ‰ :
PRIX : 1.300.000FR A DÃ‰BATTRE
LOYER : 50.000FR/MOIS, VISITE : 5000FRâ€¦"
13,"A LOUER YOPOUGON BAGNON CITÃ‰ SIPIM APRÃˆS COLLÃˆGE RAMAT
3PIECES
2DWC
LOYER :130.000FR
AU 1ER Ã‰TAGE NOUVELLE MAISON.
6 MOIS+ 50.000
VISITE 5000

0140521178"
14,"2 pieces 90mil nouvelle maison basse Yop citÃ© verte habitable au tour du 15 mars sodeci cie individuel reste quelques petites retouches
Nb. A 30m de la route bien situÃ©

0778377096/0102548899"
15,"2pce 80000 derriÃ¨re l'Ã©glise Saint Laurent (secteur koutÃ©)
Visite 5000

0140521178/0555556156"
16,"3 piÃ¨ces 150.000 AU 3E YOPOUGON MAROC
Visite : 5000
0140521178/0555556156"
17,"YOPOUGON NIANGON AZITO
3 PIÃˆCES REZ-DE-CHAUSSÃ‰E
3DWC
LOYER : 150.000
VISITE 5000

0140521178/0555556156"
18,"A LOUER APPARTEMENT DE 03 PIÃˆCES Ã€ YOPOUGON azito

KAPELO immobilier met en location un appartement de 2 chambres salon a yopougon AZITO carrefour super marchÃ© place Au 3Ã¨ Ã©tages avec 2 balcons et 2 douches wc

Plus COMMODITÃ‰
âœ… 02 grande belle chambre de 3 places
âœ… 02 grande placard de 4 battante
âœ… 02 belle douches spacieux
âœ… 01 grand salon
âœ… 01 trÃ¨s grand balcon carrelÃ©
âœ… 01 trÃ¨s belle cuisine africaine spacieuses
âœ… staffer partout
âœ… conteur CIE de SODECI individuelle

ğŸ”¹ loyer 140 000 fcfa
ğŸ”¹ conditions 6 mois
2 mois de caution
3 mois d'avance
1 mois d'avance
ğŸ”¹ visite 5 000 fcfa
ğŸ”¹ cel 07 09 51 58 95

ICIğŸ‘‡
https://www.facebook.com/kepeloimmobilier/"
19,"CETTE MAISON EST PRISE AUJOURD'HUI
12/02/2023
0102737202"
20,"Nouvel immeuble Ã  Bimbresso forÃªt songon
Studio 50 mille x 5+ 30 mille
2 piÃ¨ces 2 dwc 80 mille x5 +30 mille
3 piÃ¨ces 2dwc 120 mille x 5 +30 mille
3 piÃ¨ces 2 dwc 130 mille x 5 + 30 mille
Visite 5000 FCFA
0140521178/0555556156"
0,PLUSIEURS #MAGASIN_A_LOUER A PARTIR DE 50.000F A YOPOUGON DISPONIBLES. CLIQUER ICI POUR INTEGRER ğŸ‘‡ğŸ¿
1,"Studio 45.000 en face de la pharmacie beraca sur la voie non bitumÃ© dans le quartier caution 6 mois + 20.000
Visite : 5.000
TÃ©l : 07 79 98 87 75
01 01 85 16 54
Nb: compteur individuel"
2,Commandez par appel ou whats app au 0554883206
3,"âš¡ğŸ”Œâš¡ğŸ”Œâš¡ğŸ”Œâš¡ğŸ”Œâš¡ğŸ”Œâš¡ğŸ”Œ

*MARCHÃ‰ DE POSE POTEAUX*

*BINGERVILLE AKOUÃˆ AGBAN*

*45HA*

DOCUMENT : *APPROBATION*

DOTATION : *30 millions* POUR *4 LOTS*

APRÃˆS TRAVAUX : *1LOT/HA*

*ATTESTATION DISPONIBLE*

TU PAIES, TU TRAVAILLES

*CONTACT : 05-45-03-68-15"
4,"ğŸ¥°ğŸ›â€¼ï¸ Girl Love â›”ï¸ğŸ¤›ğŸ¥´ğŸ‘Œ

ğŸ¥° ğŸ›!! ï¸ Amour de fille â›”ï¸ ğŸ¤›ğŸ¥´ğŸ‘Œ"
5,metal glasses
6,"Nous ouvrons officiellement le restaurant ğ‹ğ ğğğ‘ğ‚'ğ“ğ”ğ†ğ€ğ‹ Ã  Yopougon Azito carrefour Conteneur au bord de la lagune EbriÃ© les jeudi 23, vendredi 24, samedi 25 et dimanche 26 fÃ©vrier de 12h Ã  30h ğŸ˜‹"
7,
8,"A LOUER A ANGRE
DJOROBITÃ‰ 2
VILLA DUPLEX 8 PIÃˆCES dont:
2 -salons
4 -chambres
autonomes avec
grand balcons
2 indÃ©pendantes
2 -cuisines
1 - salle de cinÃ©maPlus
1- grand bureau avec
2 balcons
1 - grand garage de 4
voitures
1- Vaste jardin
BUREAU OU HABITATION
NB: piscine en cours
et possibilitÃ© de
location avec
meubles

*Loyer* : 2 000 000fcfa
intÃ©ressÃ© Appelez Moi
07 57 05 74 48
Visite 5000frs"
9,"#GRAVIER_Pro
Nous vous fournissons du gravier sur vos diffÃ©rents sites de construction
Ã  seulement 6.500f la tonne du gravier et des
Briques industrielles de qualitÃ© a des prix Ã©conomique.
N'hÃ©sitez pas a nous contactÃ©
ğŸª€Â±2250768703231/ +2250584429239
#CARRIERE
#GRAVIER
#ABIDJAN"
10,saffsa f @id 3sdfds ğŸ˜™ğŸ’ŸğŸƒğŸ¤‘
11,saffsa f @id 3sdfds ğŸ’œğŸ˜…ğŸ””âœŒï¸
12,"Men's Polarized Sunglasses

Lunettes de soleil polarisÃ©es homme"
13,gggasdasd ğŸ¤£ğŸ•‰ğŸ˜œâ³
14,saffsa f @id 3sdfds ğŸ™€ğŸ¤ ğŸ”°ğŸ˜‚
15,"Studio 50000f Yopougon prÃ¨s de la citÃ© Charles Diby au premier Ã©tage caution 5mois plus 30000f
0500601910"
16,"2 piÃ¨ces 120000f Yopougon niangon Texaco dans la citÃ© coprim au 3iem et au 4iem Ã©tage avec balcon prÃªt habiter haut standing j'ai pas l'image on peut visiter Ã  tout moment
0500601910"
17,"ğŸ˜‡ğŸ’“Touche la main de JÃ©susğŸ«°, qu'en 2023, aucune maladie, aucune mort, et aucun mal n'entrent dans ta maison. Au nom de JÃ©sus. â˜˜ Toucher ici les lettres bleues et la bÃ©nÃ©diction de Dieu dÃ©passe votre imaginationPlus ! vous trouverez le chemin de la paix et le moyen de changer votre destin et celui de votre famille.ğŸ™‡â€â™€ï¸
https://m.me/labible.fr?ref=fyw-\-\ &ref=website-\-\cotdv_gr009num=20232159503"
18,"2 piÃ¨ces 900000f Yopougon citÃ© Vert extension juste derriÃ¨re le collÃ¨ge Louis Lagrange nouvelle maison basse terrasse avant et cour arriÃ¨re 2dwc l'ouest s'abstenir prÃªt habiter abonnÃ©
0500601910"
19,"Jeux de Saint Valentin ğŸ“

Cet mardi j'ai payer une soupe de poulet ğŸ” entier et j'ai envoyÃ© Ã  la maison pour faire plaisir a Madame, elle me demande qu'on fasse un jeu : on va se coucher ensemble sur le lit, Ã©teindre tout c'est Ã  dire la lumiÃ¨re,la tÃ©lÃ© etc... Celui ou celle qui dort ne mangera pas la soupe de pouletğŸ”, la personne qui n'a pas dormi mangera seule la soupe, j'ai accepter le paris, a cet temps je regardais la tÃ©lÃ© donc du coup j'ai eu envie d'aller au toilette et a cet temps on Ã©tait vers 22h , a mon retour elle (madame) a commencer a m'embrasser pendant cet temps la lumiÃ¨re Ã©tait allumer et je ne sais pas dans quelle cours......plus rien ğŸ˜³ğŸ˜³ , je me rÃ©veille Ã  3h du matin je vois Madame assise devant la tÃ©lÃ© entrain de sucer ses doigts devant une assiette rempli d'os de poulet avec quelques petits morceaux ko bb Ã§a la faut pas toucher hein , c'est pour les enfants, ils vont manger Ã§a matin, j'ai crier ğŸ—£ï¸ ahiiiiiiiii mais bb?????? Elle me dit"" chhhhhhuuuttt calme toi , je vais bien te masser jusqu'au matin, voilÃ  comment j'ai passer mon Saint Valentin ğŸ˜³ğŸ˜³ğŸ˜³ğŸ˜³ğŸ˜³ğŸ˜³ğŸ˜³ğŸ˜³ğŸ˜³ğŸ˜³ğŸ˜³ğŸ˜³ğŸ˜³ğŸ˜³ğŸ˜³

PS : sincÃ¨rement je dÃ©pose mon chapeau devant la femme , jusqu'Ã  prÃ©sent j'arrive pas Ã  croire ğŸ˜‚ğŸ˜‚ğŸ˜‚ğŸ˜‚ğŸ˜‚ğŸ˜‚ğŸ˜‚ğŸ˜‚"
20,
0,
1,"RESIDENCE MEUBLÃ‰E Une chambre salon , EntiÃ¨rement meublÃ© trÃ¨s beau ,propre Pour vos court et long sÃ©jours , la sÃ©curitÃ© y es câ€™est une immeuble habiter par des corps habillÃ© ğŸ˜€
ğŸ°
âœ… wifi illimitÃ© trÃ¨s speed
âœ…Plus Climatisation
âœ… Micro-ondes
âœ… DÃ©codeur
âœ…GaziniÃ¨re et rÃ©frigÃ©rateur
âœ… four
âœ… mixeur etcâ€¦.
âœ… une douche visiteur , une douche dans la chambre ğŸ™‚

ğŸ“ SituÃ©e Ã  Yopougon canal Ã  cÃ´tÃ© de la pharmacie canal en bordure de route .

NumÃ©ro de tÃ©lÃ©phone : 0768503188 ou au
07 00 10 00 60 aussi un numÃ©ro wahssap . Open sur h24 Contacter sans hÃ©siter ğŸ˜€ğŸ¤™ğŸ¾"
2,"Contact : 07 59 41 99 49
A Louer : une trÃ¨s grande 2 piÃ¨ces avec deux salles d'eau, nouvelle construction, format individuel,accÃ¨s trÃ¨s facile au bord du goudron
Loyer : 120.000 FCFA
Caution 5 mois, frais dePlus visite 5.000f.
N.B : La maison est dÃ©jÃ  prÃªte Ã  Ãªtre habitÃ©.
Zone : Bingerville EMPT , accÃ¨s trÃ¨s facile et en bordure de voie.
D.R IMMOBILIER ( Votre prÃ©occupation est notre prioritÃ© ) Contact : 07 59 41 99 49"
3,Avis de recherche
4,"ğŸš¨ TU VEUX FAIRE LE NETTOYAGE DE TA MAISON, LIS CECI !!!

CONTACTEZ-NOUS MAINTENANT ET PROFITEZ DE NOTRE BONUS DE -15.000 FCFA SUR TOUTES NOS PRESTATIONS VALABLE JUSQU'AU 28 FÃ‰VRIER 2023.
Plusâ¬‡ï¸â¬‡ï¸â¬‡ï¸
Nous faisons le nettoyage de tout type de propriÃ©tÃ© ( appartements, maisons, immeubles, restaurants, magasins, Ã©coles, maquis, bar, etc..)

-Nettoyage fin de chantier
-Nettoyage avant amÃ©nagement
-Nettoyage aprÃ¨s rÃ©novation
-Nettoyage aprÃ¨s amÃ©nagement

Nous venons avec tous les produits, accessoires et le matÃ©riel qu'il faut ğŸ¤©

ğŸš¨ Tarif : Ã  partir de 5.000 et + !!!
( SATISFAIT OU REMBOURSÃ‰ âœ…ï¸ )

ğŸš¨ VOICI TON KDOO !!!! ğŸ˜± â¬‡ï¸â¬‡ï¸â¬‡ï¸

Jusqu'au 28 FÃ©vrier, vous bÃ©nÃ©ficiez de -15.000 fcfa sur toutes nos prestations !!! ğŸ˜±

Lieu : Abidjan, Songon, Dabou, Bingerville, Bassam, Assinie, AssouindÃ©, Yaou, Assouba, affery, akoupÃ©, Bonoua..

â˜ï¸ Contactez-nous maintenant au 07 99 27 13 00"
5,
6,Plein air en location toit rouge 80mille en bordure dans le pÃ©rimÃ¨tre de gnawa chap chap. 0779835667
7,studio 40 mille fois 6 plus 20 mille Ã  SantÃ© individuel dvc dedans. 0779835667
8,"Yopougon citÃ© CIE 3piÃ¨ces Ã  louer
Maison basse
Loyer 100milles
Visite 5000
0152384292/
0707546641"
9,"Giga 2 piÃ¨ces 2 dwc au 1er Ã©tage nouvelle #maison pour le 05 mars
#loyer 80.000f*5 +40.000f
#Yopougon #KoweÃ¯t rÃ©sidentiel
TÃ©l 0759525530"
10,
11,"Yopougon Maroc antenne 3piÃ¨ces Ã  louer au 3Ã¨me Ã©tages avec balcon 2dwc.
Loyer 140milles
Contact 0152384292/0707546641
Visite 5000"
12,"Yopougon Maroc antenne 3piÃ¨ces Ã  louer au 3Ã¨me Ã©tages avec balcon 2dwc.
Loyer 140milles
Contact 0152384292/0707546641
Visite 5000"
13,"Maison Ã  louer Ã  yopougon KoweÃ¯t terrain bÃ©ni
3 piÃ¨ces 150.000f
Cours avant et arriÃ¨re
Conditions :
* 3 mois de cautions
* 1 mois d avance
*1 mois d agence
Contact: 07 69 50 50 25
05 85 60 00 02"
14,
15,Maquis cave Ã  cÃ©dÃ© Ã  n'dotre chÃ¢teau 500mil Ã  dÃ©battre/0546612046
16,"ğŸ…ğŸ…ğŸ… *EN VENTE Ã€ LA RIVIERA 3 ,ST-VIATEUR.*

ZONE RÃ‰SIDENTIELLE ET CALME.

UNE VILLA DUPLEX STYLE EUROPÃ‰EN.
SUPERFICIE :*1400MÂ²*.
NP: 9 PIÃˆCES.
6 CHAMBRES AUTONOMES
1 SALON
1 SALLE Ã€ MANGER.
1 BUREAU.
DOCUMENT :*TF.*
PRIX : *600 MILLIONS NÃ‰GOCIABLE.*ğŸ…ğŸ…ğŸ…
Images disponibles Ã  la demande ğŸğŸğŸ

Contact :0544224285/0779528367"
17,"Jusqu au 18fevrier,comma
nde des sÃ©ries ou des mangas et on t offre 3FILMS ROMANTIQUES EN CADEAU"
18,Studio 50mil nouvelle construction derriÃ¨re le terrain de la citÃ© Charle koffi dibi au 1er Ã©tage 6mois +30mil tel 0767198992 visite 5000f
19,"Studio : 50x5+40mil au 1er Ã©tage au bagnon derniÃ¨re la pharmacie Ã  la descente taxis arrive devant lâ€™immeuble
07-79-01-34-47
05-76-37-39-16"
0,PLUSIEURS #MAGASIN_A_LOUER A PARTIR DE 50.000F A YOPOUGON DISPONIBLES. CLIQUER ICI POUR INTEGRER ğŸ‘‡ğŸ¿
1,"Studio 45.000 en face de la pharmacie beraca sur la voie non bitumÃ© dans le quartier caution 6 mois + 20.000
Visite : 5.000
TÃ©l : 07 79 98 87 75
01 01 85 16 54
Nb: compteur individuel"
2,Commandez par appel ou whats app au 0554883206
3,"âš¡ğŸ”Œâš¡ğŸ”Œâš¡ğŸ”Œâš¡ğŸ”Œâš¡ğŸ”Œâš¡ğŸ”Œ

*MARCHÃ‰ DE POSE POTEAUX*

*BINGERVILLE AKOUÃˆ AGBAN*

*45HA*

DOCUMENT : *APPROBATION*

DOTATION : *30 millions* POUR *4 LOTS*

APRÃˆS TRAVAUX : *1LOT/HA*

*ATTESTATION DISPONIBLE*

TU PAIES, TU TRAVAILLES

*CONTACT : 05-45-03-68-15"
4,"ğŸ¥°ğŸ›â€¼ï¸ Girl Love â›”ï¸ğŸ¤›ğŸ¥´ğŸ‘Œ

ğŸ¥° ğŸ›!! ï¸ Amour de fille â›”ï¸ ğŸ¤›ğŸ¥´ğŸ‘Œ"
5,metal glasses
6,"Nous ouvrons officiellement le restaurant ğ‹ğ ğğğ‘ğ‚'ğ“ğ”ğ†ğ€ğ‹ Ã  Yopougon Azito carrefour Conteneur au bord de la lagune EbriÃ© les jeudi 23, vendredi 24, samedi 25 et dimanche 26 fÃ©vrier de 12h Ã  30h ğŸ˜‹"
7,
8,"A LOUER A ANGRE
DJOROBITÃ‰ 2
VILLA DUPLEX 8 PIÃˆCES dont:
2 -salons
4 -chambres
autonomes avec
grand balcons
2 indÃ©pendantes
2 -cuisines
1 - salle de cinÃ©maPlus
1- grand bureau avec
2 balcons
1 - grand garage de 4
voitures
1- Vaste jardin
BUREAU OU HABITATION
NB: piscine en cours
et possibilitÃ© de
location avec
meubles

*Loyer* : 2 000 000fcfa
intÃ©ressÃ© Appelez Moi
07 57 05 74 48
Visite 5000frs"
9,"#GRAVIER_Pro
Nous vous fournissons du gravier sur vos diffÃ©rents sites de construction
Ã  seulement 6.500f la tonne du gravier et des
Briques industrielles de qualitÃ© a des prix Ã©conomique.
N'hÃ©sitez pas a nous contactÃ©
ğŸª€Â±2250768703231/ +2250584429239
#CARRIERE
#GRAVIER
#ABIDJAN"
10,saffsa f @id 3sdfds ğŸ˜™ğŸ’ŸğŸƒğŸ¤‘
11,saffsa f @id 3sdfds ğŸ’œğŸ˜…ğŸ””âœŒï¸
12,"Men's Polarized Sunglasses

Lunettes de soleil polarisÃ©es homme"
13,gggasdasd ğŸ¤£ğŸ•‰ğŸ˜œâ³
14,saffsa f @id 3sdfds ğŸ™€ğŸ¤ ğŸ”°ğŸ˜‚
15,"Studio 50000f Yopougon prÃ¨s de la citÃ© Charles Diby au premier Ã©tage caution 5mois plus 30000f
0500601910"
16,"2 piÃ¨ces 120000f Yopougon niangon Texaco dans la citÃ© coprim au 3iem et au 4iem Ã©tage avec balcon prÃªt habiter haut standing j'ai pas l'image on peut visiter Ã  tout moment
0500601910"
17,"ğŸ˜‡ğŸ’“Touche la main de JÃ©susğŸ«°, qu'en 2023, aucune maladie, aucune mort, et aucun mal n'entrent dans ta maison. Au nom de JÃ©sus. â˜˜ Toucher ici les lettres bleues et la bÃ©nÃ©diction de Dieu dÃ©passe votre imaginationPlus ! vous trouverez le chemin de la paix et le moyen de changer votre destin et celui de votre famille.ğŸ™‡â€â™€ï¸
https://m.me/labible.fr?ref=fyw-\-\ &ref=website-\-\cotdv_gr009num=20232159503"
18,"2 piÃ¨ces 900000f Yopougon citÃ© Vert extension juste derriÃ¨re le collÃ¨ge Louis Lagrange nouvelle maison basse terrasse avant et cour arriÃ¨re 2dwc l'ouest s'abstenir prÃªt habiter abonnÃ©
0500601910"
19,"Jeux de Saint Valentin ğŸ“

Cet mardi j'ai payer une soupe de poulet ğŸ” entier et j'ai envoyÃ© Ã  la maison pour faire plaisir a Madame, elle me demande qu'on fasse un jeu : on va se coucher ensemble sur le lit, Ã©teindre tout c'est Ã  dire la lumiÃ¨re,la tÃ©lÃ© etc... Celui ou celle qui dort ne mangera pas la soupe de pouletğŸ”, la personne qui n'a pas dormi mangera seule la soupe, j'ai accepter le paris, a cet temps je regardais la tÃ©lÃ© donc du coup j'ai eu envie d'aller au toilette et a cet temps on Ã©tait vers 22h , a mon retour elle (madame) a commencer a m'embrasser pendant cet temps la lumiÃ¨re Ã©tait allumer et je ne sais pas dans quelle cours......plus rien ğŸ˜³ğŸ˜³ , je me rÃ©veille Ã  3h du matin je vois Madame assise devant la tÃ©lÃ© entrain de sucer ses doigts devant une assiette rempli d'os de poulet avec quelques petits morceaux ko bb Ã§a la faut pas toucher hein , c'est pour les enfants, ils vont manger Ã§a matin, j'ai crier ğŸ—£ï¸ ahiiiiiiiii mais bb?????? Elle me dit"" chhhhhhuuuttt calme toi , je vais bien te masser jusqu'au matin, voilÃ  comment j'ai passer mon Saint Valentin ğŸ˜³ğŸ˜³ğŸ˜³ğŸ˜³ğŸ˜³ğŸ˜³ğŸ˜³ğŸ˜³ğŸ˜³ğŸ˜³ğŸ˜³ğŸ˜³ğŸ˜³ğŸ˜³ğŸ˜³

PS : sincÃ¨rement je dÃ©pose mon chapeau devant la femme , jusqu'Ã  prÃ©sent j'arrive pas Ã  croire ğŸ˜‚ğŸ˜‚ğŸ˜‚ğŸ˜‚ğŸ˜‚ğŸ˜‚ğŸ˜‚ğŸ˜‚"
20,
0,"Yopougon maison Ã  louer
*3 piÃ¨ces appartement 4 Ã¨me Ã©tage
En bordure de voie principale
Lieu: Yopougon accÃ¨s sÃ©curisÃ©
Loyer: 170000 et 200000
Visite : 5000 maintenant
Contact : 0585110971
WHATSAPP : 0585110971"
1,Je cherche studio 60000 MILLIONNAIRE MAROC ANANERAI TOIT ROUGE
2,"Disponibles
Prix unique: 18000 FCFA

â˜ Whatsapp / Appel : 0767715226 /0594019802
ğŸš› livraison partout Ã  Abidjan Ã  vos frais.
ğŸ“¬ ExpÃ©dition possible."
3,"Vos chaussures sont disponibles, pour une touche de responsabilitÃ© Ã  votre style.
Prix unique : 25000 FCFA

â˜ Whatsapp / Appel : 0767715226 / 0594019802

ğŸš› livraison partout Ã  Abidjan Ã  vos frais.

ğŸ“¬ ExpÃ©dition possible."
4,"2 piÃ¨ces 120000f Yopougon niangon Texaco dans la citÃ© coprim au 3iem et au 4iem Ã©tage avec balcon prÃªt habiter haut standing j'ai pas l'image on peut visiter Ã  tout moment
0500601910"
5,"2 piÃ¨ces 900000f Yopougon citÃ© Vert extension juste derriÃ¨re le collÃ¨ge Louis Lagrange nouvelle maison basse terrasse avant et cour arriÃ¨re 2dwc l'ouest s'abstenir prÃªt habiter abonnÃ©
0500601910"
6,"0768088751
iphone 5s Nouveau Original 16gb certifiÃ© Apple avec garenti Ã  35mil fr
Yopougon pharmacie St AndrÃ©
Livraison possible merci"
7,"* RENAULT DUSTER 2015

* NB= Maison mÃ¨re
* Manuelle [ GX ]
* Papier Ã  jour
* Essence 4 cylindres
* Petit moteur pompÃ©
* IntÃ©rieur impeccable
* Lecteur CD MP3
* Bluetooth radio
* KilomÃ©trage
* Puissance fiscale 09cvPlus
* KilomÃ©trage 111.000
* Climatisation d'origine
DebeinguÃ©
* Prix= 5.800.000f Ã  rev

* NB= Rien Ã  dire de"
8,"Hors taxe Manuel essence â›½ï¸
1.400 000 Arevoi

0576142069"
9,"Nissan Almera

Transmission automatique
moteur essence
climatisÃ©
lecteur audio
papiers Ã  jour

prix : 2,5 million destro"
10,ğŸ¤£ğŸ¤£ğŸ¤£ğŸ¤£ğŸ¤£
11,"â‡ï¸ QUALITE GRADE A (sans rayure et dÃ©faut) â€¦ âœ“ GRANTIE âœ“
ğŸ’¥ HP Elite Book- 820g1- SSD 128gb â€“ Intel Core i5-4300U 1.90 GHz - Turbo: 2,90 Ghz- 4gb Ram 174 000 F
ğŸ’¥ HP Elite Book- 820g1- SSD 128gb â€“ Intel i7-4600U (2,1 GHz jusqu'Ã  3,3Ghz, 2 cÅ“urs) - 4gb Ram 188 000 F
ğŸ’¥ HP Elite Book- 820g2- SSD 128gb â€“ Intel Core i5-5300U 2,3 GHz Turbo 2,9 GHzPlus 4gb Ram 188 000 F
ğŸ’¥ HP Elite Book- 820g3- SSD 256gb â€“ Intel core i5-6300U 2,4 GHz Turbo 3,0 GHz - 8gb Ram 220 000 F

LIMITE âœ“ possibilitÃ© dâ€™ajouter un disque hdd supplÃ©mentaire
Vous recherchez un pc ULTRA RAPIDE ET FIN, ne rater pas cette occasion en or :
âœ“ Rapide (disque SSD) âœ“
â‡ï¸ Haute gamme
âœ“12.5""
QUALITE GRADE A âœ“ GRANTIE âœ“ âœ“ GRANTIE âœ“
www.negocichap.com

+225 0757462180 0565992735
WhatsApp ğŸ‘‰ https://wa.link/l85h7p"
12,Une belle duplex de 4 piÃ¨ces 3 chambres hautonomes avec une douche visiteurs une grande cuisine nouvelle avec petit jardin garage situÃ© Ã  faya citÃ© sir derriÃ¨re le chÃ¢teau loyer 450 mille KO visite possible appelÃ© au 0709099611 0575111384 FranÃ§ois immobilier
13,"Toyota Obama Mon direct Manuel 3,3 a revoir lÃ©gÃ¨rement position NDousi Clim ok essence Rien Ã  signaler intÃ©ressÃ© Ã  fiche moi"
14,"voici Ma Renault MÃ©gane faut bossÃ© dessus, je fais Ã  2 million Ã  revoir lÃ©gÃ¨rement destro"
15,"â‡ï¸ QUALITE GRADE A (sans rayure et dÃ©faut) â€¦ âœ“ GRANTIE âœ“
ğŸ’¥ HP Elite Book- 820g1- SSD 128gb â€“ Intel Core i5-4300U 1.90 GHz - Turbo: 2,90 Ghz- 4gb Ram 174 000 F
ğŸ’¥ HP Elite Book- 820g1- SSD 128gb â€“ Intel i7-4600U (2,1 GHz jusqu'Ã  3,3Ghz, 2 cÅ“urs) - 4gb Ram 188 000 F
ğŸ’¥ HP Elite Book- 820g2- SSD 128gb â€“ Intel Core i5-5300U 2,3 GHz Turbo 2,9 GHzPlus 4gb Ram 188 000 F
ğŸ’¥ HP Elite Book- 820g3- SSD 256gb â€“ Intel core i5-6300U 2,4 GHz Turbo 3,0 GHz - 8gb Ram 220 000 F

LIMITE âœ“ possibilitÃ© dâ€™ajouter un disque hdd supplÃ©mentaire
Vous recherchez un pc ULTRA RAPIDE ET FIN, ne rater pas cette occasion en or :
âœ“ Rapide (disque SSD) âœ“
â‡ï¸ Haute gamme
âœ“12.5""
QUALITE GRADE A âœ“ GRANTIE âœ“ âœ“ GRANTIE âœ“
www.negocichap.com

+225 0757462180 0565992735
WhatsApp ğŸ‘‰ https://wa.link/l85h7p"
16,"Prank on solder man girlfriend went wrong

Blague sur la petite amie de l'homme solder a mal tournÃ©"
17,Auto 24
18,"Chai come and lol ğŸ˜† ğŸ˜‚ ğŸ¤£ Men self

Chai viens et lol ğŸ˜†ğŸ˜‚ğŸ¤£ hommes self"
19,"*LOCATION- APPARTEMENT*

ğŸ“ *A LA RIVIERA GOLF LES ELIAS* Ã  5min du 3Ã¨ Pond HKB

*UN APPARTEMENT DE 4 PiÃ¨ces (T4) AVEC LES MEUBLES AU 1er Ã‰tage*

ComposÃ© de :
~3 Chambres dont la principale autonome
~2 Salles d'eau
~1 Grand Salon/SÃ©jour + Salle Ã  manger
~1 Grande Cuisine euro Ã©quipÃ©e
~ Internet fibre optique Plus
~1 Balcon
~1 Buanderie avec machine Ã  laver
~1 Parking privÃ© et visiteur.
SPLITS et chauffe eau installÃ©s
~ MatÃ©riel de sport

*NB :* C'est louÃ© avec tous les meubles

*Loyer : 800.000F/mois*

Images ğŸ‘‡ğŸ¾ğŸ‘‡ğŸ¾ğŸ‘‡ğŸ¾ appelÃ© au 0709099611 0575111384 GÃ©rard"
20,"Thieves Caught #Stealing On #CCTV #Camera

Voleurs pris en #volant sur #CCTV #CamÃ©ra"
0,"#GRAVIER_Pro
Nous vous fournissons du gravier sur vos diffÃ©rents sites de construction
Ã  seulement 6.500f la tonne du gravier et des
Briques industrielles de qualitÃ© a des prix Ã©conomique.
N'hÃ©sitez pas a nous contactÃ©
ğŸª€Â±2250768703231/ +2250584429239
#CARRIERE
#GRAVIER
#ABIDJAN"
1,"TÃ‰LÃ‰TRAVAIL DISPONIBLE
1 heure =3650fr
2 heures =7300fr en illimitÃ© et plusieurs fois par jour si intÃ©ressÃ© tapez Info"
2,"Contact : 07 59 41 99 49
A Louer : une trÃ¨s grande 2 piÃ¨ces avec deux salles d'eau, nouvelle construction, format individuel,accÃ¨s trÃ¨s facile au bord du goudron
Loyer : 120.000 FCFA
Caution 5 mois, frais dePlus visite 5.000f.
N.B : La maison est dÃ©jÃ  prÃªte Ã  Ãªtre habitÃ©.
Zone : Bingerville EMPT , accÃ¨s trÃ¨s facile et en bordure de voie.
D.R IMMOBILIER ( Votre prÃ©occupation est notre prioritÃ© ) Contact : 07 59 41 99 49"
3,"Ã€ LOUER YOP AZITO CARREFOUR SUPER MARCHÃ‰ UNE CHAMBRE INDÃ‰PENDANTE AVEC DWC 40.000F AU 2ÃˆME Ã‰TAGE
07 08 97 11 82/05 00 66 21 30"
4,"Ã€ LOUER YOP AZITO CARREFOUR SUPER MARCHÃ‰ UNE CHAMBRE INDÃ‰PENDANTE AVEC DWC 40.000F AU 2ÃˆME Ã‰TAGE
07 08 97 11 82/05 00 66 21 30"
5,"ğŸš¨ TU VEUX FAIRE LE NETTOYAGE DE TA MAISON, LIS CECI !!!

CONTACTEZ-NOUS MAINTENANT ET PROFITEZ DE NOTRE BONUS DE -15.000 FCFA SUR TOUTES NOS PRESTATIONS VALABLE JUSQU'AU 28 FÃ‰VRIER 2023.
Plusâ¬‡ï¸â¬‡ï¸â¬‡ï¸
Nous faisons le nettoyage de tout type de propriÃ©tÃ© ( appartements, maisons, immeubles, restaurants, magasins, Ã©coles, maquis, bar, etc..)

-Nettoyage fin de chantier
-Nettoyage avant amÃ©nagement
-Nettoyage aprÃ¨s rÃ©novation
-Nettoyage aprÃ¨s amÃ©nagement

Nous venons avec tous les produits, accessoires et le matÃ©riel qu'il faut ğŸ¤©

ğŸš¨ Tarif : Ã  partir de 5.000 et + !!!
( SATISFAIT OU REMBOURSÃ‰ âœ…ï¸ )

ğŸš¨ VOICI TON KDOO !!!! ğŸ˜± â¬‡ï¸â¬‡ï¸â¬‡ï¸

Jusqu'au 28 FÃ©vrier, vous bÃ©nÃ©ficiez de -15.000 fcfa sur toutes nos prestations !!! ğŸ˜±

Lieu : Abidjan, Songon, Dabou, Bingerville, Bassam, Assinie, AssouindÃ©, Yaou, Assouba, affery, akoupÃ©, Bonoua..

â˜ï¸ Contactez-nous maintenant au 07 99 27 13 00"
6,"Bonjour monsieur et madame

ğŸ”¥Giga promo des meubles ğŸ”¥
Appeler moi: +225 05 01 05 19 08
Mon WhatsApp: +225 05 01 05 19 08
NB :Livraison partout"
7,"cest la ğ‘ºğ’‚ğ’Šğ’ğ’• ğ‘½ğ’‚ğ’ğ’†ğ’ğ’•ğ’Šğ’ ğŸ’•â¤ğŸ’“ğŸ’–
ğ—©ğ—¶ğ—²ğ—»ğ˜€ ğ˜ğ—¼ğ—» ğ—£ğ—¥ğ—¢ğ—–ğ—¢ğ— ğ—œğ—Ÿ ... pour une ğ—¯ğ—¼ğ—»ğ—»ğ—² ğ—²ğ—»ğ—±ğ˜‚ğ—¿ğ—®ğ—»ğ—°ğ—² et bonne ğ—²ğ—¿ğ—²ğ—°ğ˜ğ—¶ğ—¼ğ—» !
ğğ¥ğ¥ğğ¬ ğšğğ¨ğ«ğğ§ğ­ ğªğ®ğšğ§ğ ğ¥ğ ğ©ğ«ğğ¦ğ¢ğğ« ğœğ¨ğ®ğ© ğğ®ğ«ğ ğ›ğ¢ğğ§ ğ—§ğ—²ğ—»ğ—±ğ˜‚...
Ce Produit ğ™¥ğ™ğ™–ğ™§ğ™¢ğ™–ğ™˜ğ™šğ™ªğ™©ğ™ğ™¦ğ™ªğ™š n'est plus Ã  prÃ©senter.. lesPlus vrais savent...
plus de 20 Ã  25 minutes dedans mÃªme au premier c_oup.
Prix: 5000fr ğš•ğš ğšœğš™ğš›ğšŠğš¢ 45 ğš–ğš• ..
Livraison et expÃ©dition possible partout...
Laissez vos coordonnÃ©es inbox
ğ—–ğ—¢ğ— ğ— ğ—”ğ—¡ğ——ğ—˜ğ—­ ğ—¦ğ—¨ğ—¥ ğ—ªğ—”ğ—§ğ—¦ğ—¨ğ—£ ğŸ‘‡
â˜ï¸+225 07 99 65 61 40 / +225 05 05 60 60 73"
8,"ğŸš¨ TU VEUX FAIRE LE NETTOYAGE DE TA MAISON, LIS CECI !!!

CONTACTEZ-NOUS MAINTENANT ET PROFITEZ DE NOTRE BONUS DE -15.000 FCFA SUR TOUTES NOS PRESTATIONS VALABLE JUSQU'AU 28 FÃ‰VRIER 2023.
Plusâ¬‡ï¸â¬‡ï¸â¬‡ï¸
Nous faisons le nettoyage de tout type de propriÃ©tÃ© ( appartements, maisons, immeubles, restaurants, magasins, Ã©coles, maquis, bar, etc..)

-Nettoyage fin de chantier
-Nettoyage avant amÃ©nagement
-Nettoyage aprÃ¨s rÃ©novation
-Nettoyage aprÃ¨s amÃ©nagement

Nous venons avec tous les produits, accessoires et le matÃ©riel qu'il faut ğŸ¤©

ğŸš¨ Tarif : Ã  partir de 5.000 et + !!!
( SATISFAIT OU REMBOURSÃ‰ âœ…ï¸ )

ğŸš¨ VOICI TON KDOO !!!! ğŸ˜± â¬‡ï¸â¬‡ï¸â¬‡ï¸

Jusqu'au 28 FÃ©vrier, vous bÃ©nÃ©ficiez de -15.000 fcfa sur toutes nos prestations !!! ğŸ˜±

Lieu : Abidjan, Songon, Dabou, Bingerville, Bassam, Assinie, AssouindÃ©, Yaou, Assouba, affery, akoupÃ©, Bonoua..

â˜ï¸ Contactez-nous maintenant au 07 99 27 13 00"
9,"âœ…. SALUT âœ‹ğŸ¼ bienvenue dans le cadre ğŸ§‘â€ğŸ’¼ pour le monde du dÃ©blocage IPHONE ğŸ“² IOS 15 ___16
âœ”ï¸icloud iOS 16
âœ”ï¸iTunes & programmation
âœ”ï¸mise Ã  jour
âœ”ï¸installation rÃ©seau
â˜ï¸CONTACT / +225 0584095952â˜ï¸"
10,"1Ã¨re Partie ECOLE DE MARIAGE SAINTS PRISCILLE ET AQUILA DE L'EGLISE ORTHODOXE PATRIARCAT DES NATIONS MERCREDI 15 FEVRIER 2023
#mgrachija
#Achija
#enseignement
#priere
#predication
#exhortation
#Plusecoledemariageorthodoxe
#egliseorthodoxeencotedivoire
#PatriarcatdesNations
#paroisseorthodoxesaintsbasileettherese
#paroisseorthodoxetheotokos
#montagneduchristliberateur"
11,"CHAMBRE INDIVIDUELLE AVEC DOUCHE CARRELÃ‰ Ã€ L'INTÃ‰RIEUR Ã€ LOUER , A YOPOUGON Ã€ GAUCHE 27 AU TERRAIN MEÃTÃ‰ 20.000F*7+5000F COMPTEUR D'EAU INDIVIDUELLE,ET COMPTEUR DE COURANT INDIVIDUELLE ACCÃˆS FACILE.

VISITE GRATUITE.

CONTACT : 0748641922"
12,Plein air en location toit rouge 80mille en bordure dans le pÃ©rimÃ¨tre de gnawa chap chap. 0779835667
13,studio 40 mille fois 6 plus 20 mille Ã  SantÃ© individuel dvc dedans. 0779835667
14,"âœ…#SPÃ‰CIAL CADEAU HOMME

Parce que nos hommes mÃ©ritent aussi dâ€™Ãªtre gÃ¢tÃ© comme les femmes, Home d'Affaires a pensÃ© Ã  tous les papağŸ¥ºâ¤ï¸ğŸ¥°. Nos lÃ©sines pas sur les moyens pour faire plaisir Ã  ton homme quand il lePlus mÃ©rite.

Consolidez votre couple avec de p'tits cadeaux
Passez votre commande Ã  seulement 10.000Fr.
#WhatsApp : 07 09332005
#NB : livraison Ã  vos frais"
15,"Giga 2 piÃ¨ces 2 dwc au 1er Ã©tage nouvelle #maison pour le 05 mars
#loyer 80.000f*5 +40.000f
#Yopougon #KoweÃ¯t rÃ©sidentiel
TÃ©l 0759525530"
16,Disponible chez JP boutique veuillez nous contacter au numÃ©ro watsap suivant le 0102464099!!!!!
17,Pour plus d'informations veuillez contacter appel ou WhatsApp ;+225 05 65 88 44 29
18,"CHAMBRE AVEC DWC
Ã€ LOUER AU NOUVEAU QUARTIER
40 MILLE
05 44 70 04 17"
19,"CHAMBRE AVEC DWC
Ã€ LOUER AU NOUVEAU QUARTIER
40 MILLE
05 44 70 04 17"
0,"Bonjour famille , ici dans ce groupe dÃ©sormais seul les postes qui portent sur la Commune de Cocody et Koumassi , Bingerville seront approuver ğŸ™

Merci de le respecter"
1,"ğŸ¤©ğŸ¤©ğŸ¤©OPPOTUNITE DE VENTE DE BIENS IMMOBILIERğŸ¤©ğŸ¤©ğŸ¤©
ğŸ‘‰ AngrÃ© Chu djorogobitÃ© 500 M2 50 millions Ã  dÃ©battre titre foncier effectif ACD en cours
ğŸ‘‰Deux terrains 435 M2 et 600 M2 30 millions et 25 millions. BingervillePlus palais de justice
ğŸ‘‰Appartement de 3 piÃ¨ces en vente a AngrÃ© extension derniÃ¨re 34em au premier Ã©tage avec balcon a 30 millions ko
ğŸ‘‰ANGRÃ‰ NOUVEAU CHU secteur DJOROGOBITE-1. Vente villa basse 4 piÃ¨ces avec garage 1 voiture sur 200 m2 avec ACD au prix de 42 millions.
Infos : 07 47 82 56 02 / 01 01 79 79 09"
2,"3piÃ¨ces 2dwc Ã  Yopougon carrefour citÃ© verte.
Civil 150 mille fois 5 plus 50mille.
Bail gendarmerie, militaire et douane :150.000cfa Ã—2 plus reliquat 6mois.
Contact :0103913200"
3,"YOPOUGON ACADÃ‰MIE:
â˜ï¸07 47 61 79 19
â˜ï¸05 64 12 64 90

ğŸ 2PIÃˆCES 100.000 BIEN STAFFÃ‰E, BAIE VITRÃ‰E NOUVELLE MAISON AU REZ-DE-CHAUSSÃ‰E AVEC UNE TERRASSE AVANT ET UNE COUR ARRIÃˆRE .

NB: TU PAIES TU PRENDS TES CLÃ‰S.

ğŸ—½FRAIS DE VISITE 5.000 F"
4,"YOPOUGON:
â˜ï¸07 47 61 79 19
â˜ï¸05 64 12 64 90

ğŸ  2 PIÃˆCES 100.000 BAIL TOUS CORPS AU 1ER Ã‰TAGE Ã€ ACADÃ‰MIE(lesPlus images ci-dessous sont pour les 2piÃ¨ces 100.000 bail tous corps Ã  ACADÃ‰MIE).

FRAIS DE VISITE OBLIGATOIRE.

J'AI AUSSI :

ğŸŸ©2PIÃˆCES 90.000 AU REZ-DE-CHAUSSÃ‰E ET AU 1ER Ã‰TAGE BAIL TOUS CORPS Ã€ LOKAO EXTENSION.

ğŸŸ©2 PIÃˆCES 110.000 AU 2ÃˆME Ã‰TAGE BAIL POLICE ET EAUX ET FORÃŠTS Ã€ LA BASE CIE."
5,Kjm immobilier met en location 3pieces Ã  yopougon Maroc Kimi rez-de-chaussÃ©e trÃ¨s trÃ¨s haut standing Avc cour avant arriÃ¨re bÃ¢timent choco vigile 24h 24h ya rien Ã  dire staffÃ© placards dans les chambres disponibles le mardi prochain 0777095913 loyer 160ml 0777095913
6,"YOPOUGON ACADÃ‰MIE:
â˜ï¸07 47 61 79 19
â˜ï¸05 64 12 64 90

ğŸ 2PIÃˆCES 70.000 MAISON BASSE AVEC UNE COUR AVANT.

ACCÃˆS TRÃˆSPlus FACILE.
NB: La peinture et autres sont les charges du propriÃ©taire de la maison.

ğŸ—½FRAIS DE VISITE OBLIGATOIRE."
7,"YOPOUGON ACADÃ‰MIE:
â˜ï¸05 64 12 64 90
â˜ï¸05 64 12 64 90
ğŸ 4PIÃˆCES 130.000 AU 1ER Ã‰TAGE AVEC PLACARDS DANS CHAQUE CHAMBRE."
8,"YOPOUGON ACADÃ‰MIE :

ğŸ STUDIO 50.000 MAISON BASSE AVEC DOUCHE WC CUISINE ET PLACARD.

â˜†ACCÃˆS TRÃˆS FACILE.

NB: il y a des petits retouches Ã  faire( charges du propriÃ©taire).

â˜ï¸07 47 61 79 19/ 05 64 12 64 90
FRAIS DE VISITE 3.000 F"
9,"Souhaitons la bienvenue aux nouveaux membres :
Gilles Feragamo,
Richmonde Koua,
Gninhinnantchin Tuo,
Chineke Pechoux,
PF Immobilier,
Vente de terrain a n'sele kimpoko,
DanhÃ«rÃ« BÃ¸Å¯rGeÃµis ChÃ£rGÃ«,
Wilfried Jonatthan Junior Kanga,
Amanvi Amanvi,
Yves Armand Gbakagnan,
Hawa Traore,
Christ Faizan,
Zeinab Diallo,
SÃ©rÃ©na Ahumain,
LerÃ©seau Chez Nous,
Harahel Yebou,
CarriÃ¨re Gravier,
Moussa Fofana,
Monplombier,
Merci Seigneur,
Jean De Shalom,
Sam Assogba,
Z A immobilier ,
Monsieurenergieverte Monsieurenergieverte,
Franck Ludovic Koleya,
Simmobat CI,
Bruno Staff DÃ©co Pro,
SommitÃ© Immo & services,
Justin Kolo,
Nettoyage Industriel,
Zie Moussa Konate,
Prince dÃ©cor,
Marc Kadjo,
YAK business ,
Koutouan service immobilier,
L agence immobiliÃ¨re ,
Lydia Yalih,
Uriel Lihiri,
Bazooka Fatal,
Sylvie Sorho,
Joyce Epiphanie Okpekon,
Kpayerigue Yeo,
Thierry Kouassi"
10,"A louer Ã  Yopougon

_ Villa basse de 4 piÃ¨ces avec 3dwc au sein de la CitÃ© Nawa SODECI.
Loyer :180 000

_ 4 piÃ¨ces en maison basse avec 3dwc au sein de la CitÃ© Nawa SODECI .
Loyer :150.000

_Bail Fanci au 3Ã¨me Ã©tage Ã  ananeraie pharmacie Alicia.
Loyer :130 000

_2 PiÃ¨ces nouvelle construction disponible pour la fin de ce mois au 1er et au 2e Ã©tage avecPlus 2dwc au sein de la CitÃ© Nawa SODECI.
Loyer :100.000

_2 piÃ¨ces au 4e Ã©tage avec 2dwc au Maroc antenne.
Loyer :100.000

_2 piÃ¨ces au 2Ã¨me au carrefour chu.
Loyer :70 000

_2 PiÃ¨ces en maison basse Ã  koutÃ©.
Loyer :70 000

_2 Portes de studios en maison basse au sein de la CitÃ© Nawa SODECI.
Loyer :75.000

_Studio en maison basse disponible au KoweÃ¯t.
Loyer :40 000

0708545461/0101174173"
11,Famille mon client cherche 1 terrain ou 1 duplex de 2000m2 Ã  la riviÃ¨ra Golf4 urgent marchÃ© concret oooh budget ouvert 0777095913 watchapp
12,"STUDIO Ã€ LOUER DANS LA COMMUNE DE KOUMASSI CITÃ‰ 147 LOGEMENTS
RÃ‰SIDENCE LES SABLES
LOYER MENSUEL 65.000FR Ã€ DÃ‰BATTRE
VISITE 5.000FR
0142972125"
13,"Un grand studio Ã  Anono
Loyer : 65mil
Conditions 5 mois
Contacter le : 07 68 62 61 83"
14,"MAISON Ã€ LOUER DANS LA COMMUNE DE KOUMASSI STUDIO LES VISITES COMMENCE DEMAIN LUNDI SONT Ã€ 5.000FR
LOYER 65.000FR
0142972125"
15,Sur Ã‰bÃ©nisterie expert nous avons aussi des coiffeuses ultra moderne pour vous.. Pour en savoir plus contactez nous sur WhatsApp appartir de ses numÃ©ros 0708329835 / 0546918195
16,"ğŸ  MAISON A LOUER:
LIEU : COCODY ANGRÃ‰, BONOUMIN, RIVIERA...
â˜ï¸(+225) 0160637481 / LISTE ACTUALISÃ‰E

#03PIECES DISPONIBLE

ğŸ  03 PIECES 180mil*5 au rez, AngrÃ© ChÃ¢teau

ğŸ  03 PIECES 180mil*5 au 2em, AngrÃ© ChÃ¢teau

ğŸ  03 PIECES 200mil*5 au 2em, AngrÃ© Batim

ğŸ  03 PIECES 200mil*5 au 3em, AngrÃ© ChÃ¢teau

ğŸ  03 PIECES 250mi*5 au rez AngrÃ© 8em Tranch

ğŸ  03 PIECES 250mil*5 au 2em, AngrÃ© Star9b

ğŸ  03 PIECES 250mil*5 au 4em, Riviera Bonoumin

ğŸ 03 PIECES 270mil*5 au 3em, AngrÃ© 8em Tranc

ğŸ  03 PIECES 280mil*5 au 2em AngrÃ© Gestoci

ğŸ  03 PIECES 280mil*5 au rez AngrÃ© 9em Tranch

ğŸ  03 PIECES 280mil*5 au 2em AngrÃ© 9em Tranch

ğŸ  03 PIECES 300mi*5 au 3em, Riviera Bonoumin

ğŸ  03 PIECES 350mi*5 au 2em, AngrÃ© 7em Tranch

ğŸ  03 PIECES 350mi*5 au 3em, AngrÃ© 8em tranch
â€¢â€¢â€¢â€¢â€¢â€¢â€¢â€¢â€¢â€¢â€¢â€¢â€¢â€¢â€¢â€¢â€¢â€¢â€¢â€¢â€¢â€¢â€¢â€¢â€¢â€¢â€¢â€¢â€¢â€¢â€¢â€¢â€¢â€¢â€¢â€¢â€¢â€¢â€¢â€¢â€¢â€¢â€¢â€¢â€¢â€¢â€¢â€¢â€¢â€¢â€¢â€¢â€¢â€¢â€¢â€¢â€¢â€¢â€¢â€¢â€¢â€¢â€¢â€¢â€¢â€¢â€¢
#04PIECES DISPONIBLE â›°ï¸

ğŸ’¢ 04 PIECES 250mil*5 au 1er Palmeraie sipim
-\-\-\-\-\-\*
ğŸ’¢ 04 PIECES 300mil*5 au 2em AngrÃ© Gestoci
-\-\-\-\-\-\*
ğŸ’¢ 04 PIECES 300mil*5 au 2em AngrÃ© nouv chu
-\-\-\-\-\-\*
ğŸ’¢ 04 PIECES 320mil*5 au 1er AngrÃ© Star7
-\-\-\-\-\-\*
ğŸ’¢ 04 PIECES 350mil*5 au 3em AngrÃ© 9em Tranch
-\-\-\-\-\-\*
ğŸ’¢ 04 PIECES 350mil*5 au 4em riviera Bonoumin
-\-\-\-\-\-\*
ğŸ’¢ 04 PIECES 400mil*5 au 3em, 8em Tranch
-\-\-\-\-\-\*
ğŸ’¢ 04 PIECES 500mil*5 au 2em, 7em tranche
-\-\-\-\-\-\-\-\-\-\-\-\-\-\-\-\-ğŸ”¸
NB: VISITE POSSIBLE AVEC LES FRAIS 5000 FCFA
â˜ï¸(+225) 0160637481"
17,"UNE CHAMBRE AVEC UNE DOUCHE PLUS UNE TERRASSE DISPONIBLE DANS LA COMMUNE DE KOUMASSI
CITÃ‰ 147 LOGEMENT
0799494249
VISITE : 3.000FR NON NÃ‰GOCIABLE
LOYER : 55.000FR"
18,"UNE GRANDE STUDIO Ã€ LOUER Ã€ LA RIVERA 2, POUR PLUS DE DÃ‰TAILS LE NUMÃ‰RO EN BAS
CONDITIONS : 05 MOIS
LOYER : 70MIL
â˜ï¸ : 07 68 62 61 83"
19,"Coquette petite villa de 4 piÃ¨ces
SituÃ©e sur les hauteurs de la citÃ© BNEDT
Avant le centre de formation d'Electricite
Avant bingerville.
En pleine nature
Environnement calme et discret .
300 m2
ACd globale
05 74 98 01 04
55 millions a revoir ."
20,"Une chambre Ã  louer avec douche WC Ã  l'intÃ©rieur et placard
Loyer: 35.000f x 5

Situation gÃ©ographique : Amondji

Visite. 5000f

NumÃ©ro : 0140969226"
0,"ğŸ†˜#PARTENARIATS_IMMOBILIERSğŸ†˜

â›‘ï¸ â›‘ï¸â›‘ï¸Vous avez besoin de fond pour la finition de votre bien immobilier ? Nâ€™hÃ©sitez pas Ã  nous contacterâ€¦

â›‘ï¸Nous sommes ouverts Ã  toutes propositions et nÃ©gociations.

ğŸ†˜CONTACT : +225 05 05 804 594
ğŸ†˜Whatsap: â€ª+2250152733415â€¬"
1,Svp je cherche un studio de 50.000f a Yopougon bagnon ğŸ™ğŸ™ğŸ™
2,"IL EST MIS EN VENTE DES VILLAS DUPLEX DE 04 PIÃˆCES AVEC TOUTES LES COMMODITÃ‰S REQUISES DANS UNE MINI CITÃ‰. NOUVELLE CONSTRUCTION
ğŸ”´ 03 GRANDES CHAMBRES AUTONOMES.
ğŸ”´ DOUCHE VISITEURS
ğŸ”´ GARAGE
LE TOUT BÃ‚TI SUR UNE SUPERFICIE DE 200M2
ğŸ”´ SITUATION GÃ‰OGRAPHIQUE : COCODY ANGRE NOUVEAU CHU /FAYA CITÃ‰ SIR
ğŸ”´NB: VILLAS LIVRÃ‰ES FINIES AVEC TOUT LE NÃ‰CESSAIRE (Plus CARREAUX, SANITAIRES, PORTES. ETC...)
ğŸ”´ RÃ‰SERVATION 50% DU PRIX DE LA MAISON Ã€ LA SIGNATURE ET 50% Ã€ LA REMISE DES CLÃ‰S.
ğŸ”´ DÃ‰LAI DE LIVRAISON : 03 OU 04 MOIS MAXIMUM
ğŸ”´ VOUS ÃŠTES SATISFAIT OU REMBOURSER

Contact 0759428062
PRIX 45 MILLIONS Ko"
3,"..NOUS CONFIER VOS BESOINS URGENTS DE VENTE ACHAT TROC DE VÃ‰HICULES ğŸš— 0102000057-0102000813-0707071361

*KIA SPORTAGE*

5 PLACES ASSISES
ANNÃ‰E 2016
MOTEUR ESSENCE
BOÃTE AUTOMATIQUE
4 CYLINDRES
CLIM D'ORIGINE
KILOMÃ‰TRAGE 95.000
BLUETOOTH, CD, RADIO, AUX, DVDPlus
INTÃ‰RIEUR PROPRE
JANTES ALU
MOTEUR IMPECCABLE
ACCESSOIRES R.A.S
VISITE TECHNIQUE Ã€ JOUR
TOUT PAPIER Ã€ JOUR

*PRIX FLASH:10.900.000*

POUR TOUT RENSEIGNEMENT PRIÃˆRE DE NOUS CONTACTER DE PRÃ‰FÃ‰RENCE PAR APPEL"
4,"J cherche un studio de 50000fr un peu propre ( on a un bÃ©bÃ© )
A Yopougon â€¦ c est urgent Svp"
5,"..NOUS CONFIER VOS BESOINS URGENTS DE VENTE ACHAT TROC DE VÃ‰HICULES ğŸš— 0102000057-0102000813-0707071361

*RENAULT KADJA*

5 PLACES ASSISES
ANNÃ‰E 2018
MOTEUR ESSENCE
BOÃTE AUTOMATIQUE
4 CYLINDRES
CLIM D'ORIGINE
BLUETOOTH, CD, RADIO, AUX, DVD
INTÃ‰RIEUR PROPRE
JANTES ALU
MOTEUR IMPECCABLE
ACCESSOIRES R.A.S
VISITE TECHNIQUE Ã€ JOUR
TOUT PAPIER Ã€ JOUR

*PRIX FLASH:9.000.000*

POUR TOUT RENSEIGNEMENT PRIÃˆRE DE NOUS CONTACTER DE PRÃ‰FÃ‰RENCE PAR APPEL"
6,"Studio Ã  louer :55000f yopougon maroc vers Ã©cole akoÃ¯ vide amÃ©ricain il y a des travaux Ã  faire grand trÃ¨s bien situÃ© pour Les infos 0150218207/
0546044196"
7,"Maison mÃ¨re Samsung original avc garantie possibilitÃ© de troc

Samsung Fold4 =1.150.000
Samsung Z fold3 =850000
Samsung flip4=600.000
Samsung flip3=500mille
Samsung S23ultra=980mille
Samsung S23plus =780mille
Samsung S23 =650mille
Samsung S22ultra=700mille
Samsung S22+=600mille
Samsung S22=470mille
Samsung S21 =450mille
Samsung S21plus =550mille
Samsung S21ultra= 650mille
Samsung S20plus =400mille
Samsung S10 plus =280mille
Samsung S10 =240mille
Samsung note10+=350mille
Samsung note10 =310mille
Samsung s9plus= 190mille
Samsung s9=170mille
Samsung s8plus=150mille
Samsung s8=135mille
Samsung note9=200mille
Samsung note8=175mille
Samsung A33 5G=195mille
Samsung A53 5G= 250mille
Samsung A73 5G =300mille
Samsung A23 64giga =130mille
Samsung A23 128giga =140mille
Samsung A13 64giga=120mille
Samsung A13 128giga=135mille
Samsung A04s 128giga =130mille
Samsung A04s 64giga=120mille
Samsung A04 64giga =100mille
Samsung A04 32giga =85mille
Samsung A03s= 80mille
Samsung A03core =65mille

Disponible chez Emmanuel contact 0707893220 situÃ© Ã  treichville possibilitÃ© de troc livraison Ã  votre frais"
8,"* RENAULT DUSTER 2015

* NB= Maison mÃ¨re
* Manuelle [ GX ]
* Papier Ã  jour
* Essence 4 cylindres
* Petit moteur pompÃ©
* IntÃ©rieur impeccable
* Lecteur CD MP3
* Bluetooth radio
* KilomÃ©trage
* Puissance fiscale 09cvPlus
* KilomÃ©trage 111.000
* Climatisation d'origine
DebeinguÃ©
* Prix= 5.800.000f Ã  rev

* NB= Rien Ã  dire de"
9,"A LOUER ( visite possible maintenant)

UNE VILLA DE 04PIECES SOUS FORME DE DUPLEX , COUR AVANT ET ARRIÃˆRE , GARAGE INDIVIDUEL, SITUÃ‰E Ã€ YOPOUGON AZITO

LOYER : 200.000

07 08218078"
10,Recherche villa basse Ã  AGBAYATE
11,Je cherche une fille pour gÃ©rer une cave Yopougon au quartier liÃ¨vre rouge
12,"TrÃ¨s belle 2pcs 75.000 au 3e Ã©tage yopougon toit rouge derriÃ¨re maquis le boss
07 87 20 43 42"
13,"Nissan Almera

Transmission automatique
moteur essence
climatisÃ©
lecteur audio
papiers Ã  jour

prix : 2,5 million destro"
14,"Une splendide Villa de 3pieces voire 2chambres salon situÃ© Ã  bouake prÃ©cisÃ©ment au quartier AirFrance2 . Non loin du bitume avec garage bien fermÃ©.

ğŸ“07 57 12 10 10 WhatsApp
05 55 63 37 20 WhatsApp"
15,"Des nouveaux magasins Ã  louer Ã  Yopougon Saint FranÃ§ois non loin du marchÃ© de Koute.

LOYER : 50MILLE.

CONDITIONS : pas de porte : 900mille + 2 mois caution + 2 mois avances + 1 mois agence .

NB : ON PEUT TOUT FAIRE DEDANS

Total Ã  Payer : 1millions100mille .

05 86 73 59 97 â‚¬ 07 08 44 36 92 ( WhatsApp)"
16,Une belle duplex de 4 piÃ¨ces 3 chambres hautonomes avec une douche visiteurs une grande cuisine nouvelle avec petit jardin garage situÃ© Ã  faya citÃ© sir derriÃ¨re le chÃ¢teau loyer 450 mille KO visite possible appelÃ© au 0709099611 0575111384 FranÃ§ois immobilier
17,"pide rapide

BMW E49
Manuelle
Essence
ClimatisÃ©
4cylindtre
Tout papier Ã  jour.
Prix 2.500.000 arevoir
Disponible Yopougon koutÃ© dans ma mains
TÃ©l :0545575344"
18,"Toyota Obama Mon direct Manuel 3,3 a revoir lÃ©gÃ¨rement position NDousi Clim ok essence Rien Ã  signaler intÃ©ressÃ© Ã  fiche moi"
19,"voici Ma Renault MÃ©gane faut bossÃ© dessus, je fais Ã  2 million Ã  revoir lÃ©gÃ¨rement destro"
20,Auto 24
